2000,Andrea,Smith,4408592435,77,F
2001,Angel,Smith,3045476958,35,F
2002,Brooks,Smith,2947333422,35,F
2003,Chris,Smith,8066347495,47,F
2004,Connor,Smith,1905778846,75,F
2005,Daniella,Smith,7691780745,58,F
2006,Deborah,Smith,8487932953,48,F
2007,Eliot,Smith,1679685304,71,M
2008,Elizabeth,Smith,7188771566,42,M
2009,Federico,Smith,2233904547,26,M
2010,Isabella,Smith,7903193194,53,F
2011,Jacob,Smith,3118836069,65,M
2012,James,Smith,1131028410,33,F
2013,Jennifer,Smith,9176206815,69,M
2014,Jeremy,Smith,8392312610,69,F
2015,John,Smith,8000014212,58,F
2016,Kiera,Smith,4657451490,62,M
2017,Linda,Smith,1670496958,44,M
2018,Marlon,Smith,6067415170,44,F
2019,Mary,Smith,2576325566,49,M
2020,Michael,Smith,8712504207,37,F
2021,Oliver,Smith,9458420358,44,M
2022,Patricia,Smith,5239890419,48,M
2023,Pearl,Smith,2330312834,44,M
2024,Rami,Smith,8389725596,66,F
2025,Robert,Smith,5767226541,69,F
2026,Vanessa,Smith,1385320653,30,M
2027,Walden,Smith,8570227849,69,F
2028,William,Smith,4017894077,32,F
2029,Andrea,Johnson,5539213614,77,M
2030,Andrea,Johnson,8243089350,55,M
2031,Angel,Johnson,8019847064,54,F
2032,Brooks,Johnson,3749722954,69,M
2033,Chris,Johnson,7694963386,54,F
2034,Connor,Johnson,8950512855,41,M
2035,Daniella,Johnson,8854363703,51,M
2036,Deborah,Johnson,1896745581,25,M
2037,Eliot,Johnson,6259266188,56,F
2038,Elizabeth,Johnson,1597957435,54,M
2039,Federico,Johnson,1661858805,58,F
2040,Isabella,Johnson,7544741525,79,F
2041,Jacob,Johnson,3313893083,24,F
2042,James,Johnson,7396845421,25,M
2043,Jennifer,Johnson,4552800270,53,F
2044,Jeremy,Johnson,7987205401,52,F
2045,John,Johnson,4990888968,39,M
2046,Kiera,Johnson,7236296174,30,M
2047,Linda,Johnson,8808978691,20,F
2048,Marlon,Johnson,6790593266,37,M
2049,Mary,Johnson,8794933681,68,F
2050,Michael,Johnson,6437616724,63,M
2051,Oliver,Johnson,9195370615,33,F
2052,Patricia,Johnson,6155555300,69,M
2053,Pearl,Johnson,7865938719,18,M
2054,Rami,Johnson,9062980662,70,F
2055,Robert,Johnson,5096818723,75,F
2056,Vanessa,Johnson,7182441287,27,M
2057,Walden,Johnson,7110140500,60,F
2058,William,Johnson,7222170170,70,F
2059,Andrea,Johnson,7726551405,43,F
2060,Andrea,Williams,5995373720,69,M
2061,Angel,Williams,7509478652,65,F
2062,Brooks,Williams,6698897676,74,F
2063,Chris,Williams,6937473313,30,F
2064,Connor,Williams,1272769150,42,M
2065,Daniella,Williams,8431870853,72,F
2066,Deborah,Williams,5526148518,65,M
2067,Eliot,Williams,2200683345,58,F
2068,Elizabeth,Williams,5605250656,26,F
2069,Federico,Williams,4549838778,21,M
2070,Isabella,Williams,5169855711,38,M
2071,Jacob,Williams,6757479582,27,F
2072,James,Williams,5274938424,32,M
2073,Jennifer,Williams,9382017855,40,M
2074,Jeremy,Williams,9478152882,54,F
2075,John,Williams,4663909453,24,M
2076,Kiera,Williams,1445624681,30,M
2077,Linda,Williams,4562523742,79,F
2078,Marlon,Williams,5882451964,44,F
2079,Mary,Williams,4856260895,47,F
2080,Michael,Williams,9432354060,70,F
2081,Oliver,Williams,9711815590,65,M
2082,Patricia,Williams,6619022850,29,F
2083,Pearl,Williams,4263286962,53,F
2084,Rami,Williams,1983821072,71,F
2085,Robert,Williams,2930072938,34,F
2086,Vanessa,Williams,8283514651,67,F
2087,Walden,Williams,3776001756,65,F
2088,William,Williams,8106698689,41,F
2089,Andrea,Williams,3737481379,61,M
2090,Andrea,Williams,5232110198,19,F
2091,Angel,Brown,1905866224,33,F
2092,Brooks,Brown,3473734131,54,F
2093,Chris,Brown,8627837516,18,M
2094,Connor,Brown,1966350383,44,M
2095,Daniella,Brown,7673472371,70,F
2096,Deborah,Brown,5289514880,34,F
2097,Eliot,Brown,1902148624,55,M
2098,Elizabeth,Brown,6067002470,49,M
2099,Federico,Brown,7093828334,32,F
2100,Isabella,Brown,9788433383,50,F
2101,Jacob,Brown,7865755889,49,M
2102,James,Brown,6981508951,71,F
2103,Jennifer,Brown,6218421530,46,M
2104,Jeremy,Brown,3883115366,45,F
2105,John,Brown,1236833919,76,F
2106,Kiera,Brown,8178362676,18,M
2107,Linda,Brown,6432188864,49,F
2108,Marlon,Brown,2622098134,39,M
2109,Mary,Brown,2044062838,27,F
2110,Michael,Brown,2122190795,20,M
2111,Oliver,Brown,9357248916,27,F
2112,Patricia,Brown,4313713359,45,M
2113,Pearl,Brown,9250665584,43,M
2114,Rami,Brown,9409478376,28,M
2115,Robert,Brown,1515785178,63,M
2116,Vanessa,Brown,6625777091,55,F
2117,Walden,Brown,2000341408,79,M
2118,William,Brown,3443982919,67,F
2119,Andrea,Brown,6304293807,23,M
2120,Andrea,Brown,6271929355,21,F
2121,Angel,Brown,8322205747,59,F
2122,Brooks,Jones,6725323871,57,M
2123,Chris,Jones,3624267757,47,F
2124,Connor,Jones,6663329446,24,M
2125,Daniella,Jones,8443869054,33,M
2126,Deborah,Jones,2481145592,73,F
2127,Eliot,Jones,6011979312,47,M
2128,Elizabeth,Jones,4315844501,59,M
2129,Federico,Jones,3598591029,43,M
2130,Isabella,Jones,2422422746,37,M
2131,Jacob,Jones,9021486584,49,F
2132,James,Jones,7669119646,46,F
2133,Jennifer,Jones,9711647794,20,F
2134,Jeremy,Jones,5180771084,50,M
2135,John,Jones,9917629147,74,M
2136,Kiera,Jones,8528954222,55,F
2137,Linda,Jones,5694048970,71,F
2138,Marlon,Jones,5766947069,19,M
2139,Mary,Jones,4117435491,24,M
2140,Michael,Jones,3439310451,65,M
2141,Oliver,Jones,7806318604,30,F
2142,Patricia,Jones,9849797590,28,M
2143,Pearl,Jones,4063946711,41,M
2144,Rami,Jones,6589178803,25,M
2145,Robert,Jones,1943104108,67,F
2146,Vanessa,Jones,7301787768,32,F
2147,Walden,Jones,3573997266,18,F
2148,William,Jones,8212972833,30,F
2149,Andrea,Jones,5307013016,46,F
2150,Andrea,Jones,1575257423,34,F
2151,Angel,Jones,6489396337,43,F
2152,Brooks,Jones,5622266142,28,F
2153,Chris,Garcia,2579814395,67,F
2154,Connor,Garcia,2731342723,49,M
2155,Daniella,Garcia,4443361511,65,F
2156,Deborah,Garcia,2760869144,30,M
2157,Eliot,Garcia,9060855612,75,M
2158,Elizabeth,Garcia,8422501589,54,M
2159,Federico,Garcia,5487172633,38,M
2160,Isabella,Garcia,4424087873,53,M
2161,Jacob,Garcia,5839074640,68,M
2162,James,Garcia,8405175904,65,F
2163,Jennifer,Garcia,4794158495,57,M
2164,Jeremy,Garcia,6605750108,63,F
2165,John,Garcia,2544059167,79,M
2166,Kiera,Garcia,3574537220,68,F
2167,Linda,Garcia,4272386963,26,F
2168,Marlon,Garcia,8214956678,65,F
2169,Mary,Garcia,3923703224,78,F
2170,Michael,Garcia,5893174934,42,F
2171,Oliver,Garcia,8507521102,55,F
2172,Patricia,Garcia,2942884370,27,F
2173,Pearl,Garcia,1201647598,69,F
2174,Rami,Garcia,5806601619,46,M
2175,Robert,Garcia,2307277415,61,F
2176,Vanessa,Garcia,8140872489,70,F
2177,Walden,Garcia,1909807380,23,F
2178,William,Garcia,3573911738,28,F
2179,Andrea,Garcia,5518004936,74,F
2180,Andrea,Garcia,4000606481,46,M
2181,Angel,Garcia,7636444575,63,F
2182,Brooks,Garcia,9003762830,59,M
2183,Chris,Garcia,1807948076,63,F
2184,Connor,Miller,5520740927,48,F
2185,Daniella,Miller,2253173152,56,F
2186,Deborah,Miller,9715552594,37,M
2187,Eliot,Miller,1249385029,42,F
2188,Elizabeth,Miller,4795070436,49,M
2189,Federico,Miller,1605689963,36,M
2190,Isabella,Miller,1538203765,51,M
2191,Jacob,Miller,9714408337,71,M
2192,James,Miller,6122143660,24,M
2193,Jennifer,Miller,4846075159,52,F
2194,Jeremy,Miller,4286541382,36,M
2195,John,Miller,2881835653,75,M
2196,Kiera,Miller,3688212627,30,F
2197,Linda,Miller,5784616050,27,M
2198,Marlon,Miller,4153884077,40,M
2199,Mary,Miller,4531014737,57,M
2200,Michael,Miller,7839802541,21,M
2201,Oliver,Miller,3658992619,38,F
2202,Patricia,Miller,3047680323,60,M
2203,Pearl,Miller,8418846037,33,F
2204,Rami,Miller,7773707676,61,M
2205,Robert,Miller,8116058817,21,F
2206,Vanessa,Miller,6052216193,36,F
2207,Walden,Miller,7846219912,66,F
2208,William,Miller,4929008603,50,F
2209,Andrea,Miller,1734625647,75,M
2210,Andrea,Miller,5449001480,39,M
2211,Angel,Miller,6385939265,64,M
2212,Brooks,Miller,8630830023,64,F
2213,Chris,Miller,6380131119,21,F
2214,Connor,Miller,7265885080,65,F
2215,Daniella,Davis,3764345533,39,M
2216,Deborah,Davis,6505986532,62,M
2217,Eliot,Davis,4132825609,52,F
2218,Elizabeth,Davis,3415950912,40,F
2219,Federico,Davis,6453036738,51,M
2220,Isabella,Davis,3558318145,39,M
2221,Jacob,Davis,1358362133,25,M
2222,James,Davis,9385466236,21,M
2223,Jennifer,Davis,9574853971,40,F
2224,Jeremy,Davis,3675339420,46,F
2225,John,Davis,5954731780,24,M
2226,Kiera,Davis,4689114240,68,F
2227,Linda,Davis,7736270980,76,F
2228,Marlon,Davis,3467822542,68,F
2229,Mary,Davis,1916094371,53,M
2230,Michael,Davis,2822516553,36,M
2231,Oliver,Davis,6582547673,40,M
2232,Patricia,Davis,5444439914,29,F
2233,Pearl,Davis,2352404243,55,F
2234,Rami,Davis,3625403532,78,M
2235,Robert,Davis,8798878356,42,F
2236,Vanessa,Davis,8577079836,75,F
2237,Walden,Davis,6328562348,38,F
2238,William,Davis,7213236658,44,M
2239,Andrea,Davis,7133058568,69,F
2240,Andrea,Davis,6345524755,24,M
2241,Angel,Davis,5194735229,33,F
2242,Brooks,Davis,9281575140,24,M
2243,Chris,Davis,5566024083,35,M
2244,Connor,Davis,9889095926,58,F
2245,Daniella,Davis,8536314720,60,M
2246,Deborah,Rodriguez,2576811121,79,M
2247,Eliot,Rodriguez,4607531251,71,M
2248,Elizabeth,Rodriguez,2153857379,23,F
2249,Federico,Rodriguez,1129429252,25,F
2250,Isabella,Rodriguez,4443692954,39,F
2251,Jacob,Rodriguez,9044400660,29,F
2252,James,Rodriguez,5799020938,53,F
2253,Jennifer,Rodriguez,5414512208,33,M
2254,Jeremy,Rodriguez,6696862139,58,M
2255,John,Rodriguez,1480273124,70,F
2256,Kiera,Rodriguez,7194880541,55,M
2257,Linda,Rodriguez,3661264500,20,M
2258,Marlon,Rodriguez,4190989354,71,F
2259,Mary,Rodriguez,1881413553,39,F
2260,Michael,Rodriguez,6164239596,20,F
2261,Oliver,Rodriguez,8068924628,59,F
2262,Patricia,Rodriguez,8200305354,22,F
2263,Pearl,Rodriguez,7821544223,65,F
2264,Rami,Rodriguez,5664047368,74,F
2265,Robert,Rodriguez,9380044941,34,M
2266,Vanessa,Rodriguez,8523291008,47,F
2267,Walden,Rodriguez,6914979104,79,M
2268,William,Rodriguez,7978954278,60,M
2269,Andrea,Rodriguez,7496606237,58,M
2270,Andrea,Rodriguez,6478866584,69,F
2271,Angel,Rodriguez,9025308723,60,F
2272,Brooks,Rodriguez,5540325183,70,F
2273,Chris,Rodriguez,6553007812,74,M
2274,Connor,Rodriguez,7512451222,54,M
2275,Daniella,Rodriguez,3216029465,66,F
2276,Deborah,Rodriguez,6431376283,46,F
2277,Eliot,Martinez,1945580217,50,M
2278,Elizabeth,Martinez,7320537576,34,M
2279,Federico,Martinez,6729087180,55,M
2280,Isabella,Martinez,7830215902,38,M
2281,Jacob,Martinez,1928108766,43,F
2282,James,Martinez,5703844923,36,F
2283,Jennifer,Martinez,8799512820,24,F
2284,Jeremy,Martinez,2942833612,21,F
2285,John,Martinez,1666728307,72,M
2286,Kiera,Martinez,8950691839,62,M
2287,Linda,Martinez,2291741052,69,F
2288,Marlon,Martinez,3345155052,64,F
2289,Mary,Martinez,5059156243,28,M
2290,Michael,Martinez,2653513326,79,M
2291,Oliver,Martinez,3139939593,76,F
2292,Patricia,Martinez,6377687932,44,M
2293,Pearl,Martinez,5209973224,52,F
2294,Rami,Martinez,9081793301,37,F
2295,Robert,Martinez,7463799706,74,F
2296,Vanessa,Martinez,1980252818,38,F
2297,Walden,Martinez,8882158522,50,F
2298,William,Martinez,5318451911,41,F
2299,Andrea,Martinez,3776586610,47,M
2300,Andrea,Martinez,8616062796,20,M
2301,Angel,Martinez,1664075045,79,M
2302,Brooks,Martinez,2464142181,35,M
2303,Chris,Martinez,4543861584,45,F
2304,Connor,Martinez,6798340588,69,F
2305,Daniella,Martinez,7518528327,49,F
2306,Deborah,Martinez,7567764569,57,M
2307,Eliot,Martinez,2156134392,62,M
2308,Elizabeth,Malek,9397276356,43,F
2309,Federico,Malek,9554589490,28,F
2310,Isabella,Malek,6459638795,70,M
2311,Jacob,Malek,6626501106,64,F
2312,James,Malek,6199565692,28,F
2313,Jennifer,Malek,3821001834,35,F
2314,Jeremy,Malek,5511401687,29,F
2315,John,Malek,9322949956,76,F
2316,Kiera,Malek,8778337542,75,F
2317,Linda,Malek,4043168087,33,M
2318,Marlon,Malek,8822736539,74,F
2319,Mary,Malek,6844463112,74,F
2320,Michael,Malek,8303492845,37,M
2321,Oliver,Malek,7117938188,45,M
2322,Patricia,Malek,4991093082,72,F
2323,Pearl,Malek,1356647570,23,M
2324,Rami,Malek,8577533226,40,F
2325,Robert,Malek,4956321960,27,M
2326,Vanessa,Malek,7188875897,38,M
2327,Walden,Malek,8169226166,75,M
2328,William,Malek,4394746482,45,F
2329,Andrea,Malek,8721328437,75,F
2330,Andrea,Malek,5924192318,30,M
2331,Angel,Malek,5650868480,71,M
2332,Brooks,Malek,6684041342,79,M
2333,Chris,Malek,3240833532,55,F
2334,Connor,Malek,9455407875,23,M
2335,Daniella,Malek,5331061367,26,M
2336,Deborah,Malek,8662439394,60,M
2337,Eliot,Malek,4736696127,71,F
2338,Elizabeth,Malek,4261244973,71,M
2339,Federico,Fernandes,8662060899,33,M
2340,Isabella,Fernandes,9479276320,24,F
2341,Jacob,Fernandes,7629850542,44,F
2342,James,Fernandes,8343832657,26,M
2343,Jennifer,Fernandes,1547681629,74,F
2344,Jeremy,Fernandes,9742739500,57,F
2345,John,Fernandes,6509439373,61,M
2346,Kiera,Fernandes,1902489189,21,F
2347,Linda,Fernandes,2672126614,63,M
2348,Marlon,Fernandes,9406434432,25,M
2349,Mary,Fernandes,5875808928,30,M
2350,Michael,Fernandes,3041370844,39,F
2351,Oliver,Fernandes,1667720909,72,M
2352,Patricia,Fernandes,7130144520,50,F
2353,Pearl,Fernandes,5622076339,66,F
2354,Rami,Fernandes,3002463337,77,F
2355,Robert,Fernandes,7864650039,48,F
2356,Vanessa,Fernandes,5797095958,21,F
2357,Walden,Fernandes,9392775576,59,F
2358,William,Fernandes,9137455248,27,M
2359,Andrea,Fernandes,1998415791,28,M
2360,Andrea,Fernandes,9392698074,29,F
2361,Angel,Fernandes,2774857584,41,M
2362,Brooks,Fernandes,8206293240,48,M
2363,Chris,Fernandes,5006882707,78,M
2364,Connor,Fernandes,3054052326,51,M
2365,Daniella,Fernandes,2864874236,39,M
2366,Deborah,Fernandes,5576064249,60,M
2367,Eliot,Fernandes,9190656084,25,F
2368,Elizabeth,Fernandes,4448603468,64,F
2369,Federico,Fernandes,5190288365,20,M
2370,Isabella,Francis,7701308218,64,F
2371,Jacob,Francis,3697650528,42,F
2372,James,Francis,8389989722,68,M
2373,Jennifer,Francis,1293757842,68,M
2374,Jeremy,Francis,8351208655,65,M
2375,John,Francis,7992557325,36,F
2376,Kiera,Francis,7261964253,31,M
2377,Linda,Francis,3167339100,74,F
2378,Marlon,Francis,6222334819,61,F
2379,Mary,Francis,1325522829,75,M
2380,Michael,Francis,7259624163,78,M
2381,Oliver,Francis,8585346720,24,M
2382,Patricia,Francis,8453740884,26,M
2383,Pearl,Francis,5758884221,43,M
2384,Rami,Francis,6943150074,42,M
2385,Robert,Francis,6849726189,38,F
2386,Vanessa,Francis,4957076331,49,F
2387,Walden,Francis,4357001964,31,F
2388,William,Francis,2536007393,62,M
2389,Andrea,Francis,8391733780,48,M
2390,Andrea,Francis,4396570086,37,M
2391,Angel,Francis,3462925938,18,F
2392,Brooks,Francis,1907736430,58,F
2393,Chris,Francis,3791942612,23,M
2394,Connor,Francis,6045463544,29,F
2395,Daniella,Francis,4727035522,55,F
2396,Deborah,Francis,8671984576,43,F
2397,Eliot,Francis,9171807111,40,F
2398,Elizabeth,Francis,9874697641,54,F
2399,Federico,Francis,2686759893,58,M
2400,Isabella,Francis,7039730581,18,F
2401,Jacob,Howell,9945416889,38,F
2402,James,Howell,7509786825,62,F
2403,Jennifer,Howell,7221122921,23,F
2404,Jeremy,Howell,2031943092,37,M
2405,John,Howell,5006176131,63,M
2406,Kiera,Howell,4702460641,78,F
2407,Linda,Howell,8422253569,71,M
2408,Marlon,Howell,3383523387,31,M
2409,Mary,Howell,6134159237,69,M
2410,Michael,Howell,9604218112,18,F
2411,Oliver,Howell,7478879710,67,F
2412,Patricia,Howell,8181016905,58,F
2413,Pearl,Howell,4447794639,31,M
2414,Rami,Howell,1158799573,31,M
2415,Robert,Howell,5822885690,40,M
2416,Vanessa,Howell,1526943046,68,M
2417,Walden,Howell,4231832336,52,F
2418,William,Howell,3222333136,32,M
2419,Andrea,Howell,2836607554,42,F
2420,Andrea,Howell,9437122778,50,M
2421,Angel,Howell,8267511708,25,M
2422,Brooks,Howell,9023210176,42,M
2423,Chris,Howell,6388853906,22,M
2424,Connor,Howell,6619138109,61,F
2425,Daniella,Howell,3589269592,70,F
2426,Deborah,Howell,5065382690,48,M
2427,Eliot,Howell,6721591837,73,M
2428,Elizabeth,Howell,7872606659,28,M
2429,Federico,Howell,2967668378,33,F
2430,Isabella,Howell,9721992429,37,F
2431,Jacob,Howell,9222925030,45,M
2432,James,Pinto,4125264829,60,F
2433,Jennifer,Pinto,8124882128,21,F
2434,Jeremy,Pinto,9063108933,20,M
2435,John,Pinto,3130106161,19,F
2436,Kiera,Pinto,5069511547,24,M
2437,Linda,Pinto,2773148765,59,M
2438,Marlon,Pinto,4099757452,54,M
2439,Mary,Pinto,4752198203,49,M
2440,Michael,Pinto,4170334721,45,F
2441,Oliver,Pinto,3053175013,36,M
2442,Patricia,Pinto,5302440563,54,M
2443,Pearl,Pinto,7638451327,61,F
2444,Rami,Pinto,3967688602,74,M
2445,Robert,Pinto,9251213815,26,M
2446,Vanessa,Pinto,6631791356,68,F
2447,Walden,Pinto,6724893541,26,F
2448,William,Pinto,9772445674,67,M
2449,Andrea,Pinto,1388508965,68,F
2450,Andrea,Pinto,8963171459,63,F
2451,Angel,Pinto,2591316897,40,M
2452,Brooks,Pinto,9512151268,28,M
2453,Chris,Pinto,5840419126,27,F
2454,Connor,Pinto,5864411922,31,M
2455,Daniella,Pinto,3654058817,44,F
2456,Deborah,Pinto,2992057354,31,M
2457,Eliot,Pinto,7215661602,69,M
2458,Elizabeth,Pinto,2887501672,37,F
2459,Federico,Pinto,4772089556,75,F
2460,Isabella,Pinto,2294774966,69,M
2461,Jacob,Pinto,6011541947,24,M
2462,James,Pinto,1924655324,77,F
2463,Jennifer,Estelle,2620125797,63,F
2464,Jeremy,Estelle,1664009141,75,F
2465,John,Estelle,8530446682,36,M
2466,Kiera,Estelle,4068433170,51,F
2467,Linda,Estelle,7293924012,59,F
2468,Marlon,Estelle,1213777049,59,F
2469,Mary,Estelle,2051376266,39,M
2470,Michael,Estelle,1122861289,42,M
2471,Oliver,Estelle,9192268943,30,F
2472,Patricia,Estelle,9158459778,53,F
2473,Pearl,Estelle,5013309017,79,F
2474,Rami,Estelle,1588612485,27,M
2475,Robert,Estelle,3725257256,24,F
2476,Vanessa,Estelle,3709992123,53,M
2477,Walden,Estelle,9985970279,30,F
2478,William,Estelle,6406179138,41,F
2479,Andrea,Estelle,8836162688,37,F
2480,Andrea,Estelle,4463148109,41,M
2481,Angel,Estelle,7684885674,72,M
2482,Brooks,Estelle,8239313540,58,F
2483,Chris,Estelle,5377798390,56,M
2484,Connor,Estelle,9642645191,59,F
2485,Daniella,Estelle,7202578092,66,F
2486,Deborah,Estelle,7973462502,19,M
2487,Eliot,Estelle,2978316434,30,F
2488,Elizabeth,Estelle,3853353052,36,F
2489,Federico,Estelle,3606340914,46,F
2490,Isabella,Estelle,8199051693,29,M
2491,Jacob,Estelle,7393192707,56,M
2492,James,Estelle,3766181918,76,M
2493,Jennifer,Estelle,4654499226,71,F
2494,Jeremy,Osborne,1546882162,56,M
2495,John,Osborne,5585298229,35,M
2496,Kiera,Osborne,5025695228,68,M
2497,Linda,Osborne,9730289899,53,F
2498,Marlon,Osborne,1528292777,64,M
2499,Mary,Osborne,5451473421,77,F
2500,Michael,Osborne,9182349234,23,M
2501,Oliver,Osborne,9134867401,32,F
2502,Patricia,Osborne,5146155266,54,M
2503,Pearl,Osborne,7104423500,79,F
2504,Rami,Osborne,1347987505,26,F
2505,Robert,Osborne,4994561492,47,M
2506,Vanessa,Osborne,7623638936,44,M
2507,Walden,Osborne,5386802414,52,F
2508,William,Osborne,3823785681,22,M
2509,Andrea,Osborne,7991390633,35,M
2510,Andrea,Osborne,7474641724,20,M
2511,Angel,Osborne,6789120121,43,M
2512,Brooks,Osborne,3508933727,73,M
2513,Chris,Osborne,7359602237,27,M
2514,Connor,Osborne,6823302652,25,M
2515,Daniella,Osborne,6436294910,25,M
2516,Deborah,Osborne,7135916560,31,M
2517,Eliot,Osborne,3846300802,35,F
2518,Elizabeth,Osborne,4758242250,32,M
2519,Federico,Osborne,8203671303,68,F
2520,Isabella,Osborne,7026345626,73,F
2521,Jacob,Osborne,7815979399,62,M
2522,James,Osborne,4895386998,44,F
2523,Jennifer,Osborne,5396467836,34,F
2524,Jeremy,Osborne,9599774158,42,F
2525,John,Ruth,2415349328,43,F
2526,Kiera,Ruth,2608077364,68,F
2527,Linda,Ruth,7487270423,70,F
2528,Marlon,Ruth,9171415293,43,M
2529,Mary,Ruth,4779142835,59,F
2530,Michael,Ruth,9832637898,19,F
2531,Oliver,Ruth,5532388985,56,M
2532,Patricia,Ruth,9982789168,36,F
2533,Pearl,Ruth,8957489907,66,F
2534,Rami,Ruth,8927820251,45,M
2535,Robert,Ruth,5501859751,48,M
2536,Vanessa,Ruth,3526884897,78,F
2537,Walden,Ruth,9354538046,18,M
2538,William,Ruth,2383180432,33,M
2539,Andrea,Ruth,5348772053,53,F
2540,Andrea,Ruth,1179443875,26,M
2541,Angel,Ruth,1627895657,77,M
2542,Brooks,Ruth,2167586998,30,F
2543,Chris,Ruth,8983985324,32,F
2544,Connor,Ruth,7144889362,48,M
2545,Daniella,Ruth,3530656685,48,M
2546,Deborah,Ruth,5419589170,28,F
2547,Eliot,Ruth,6252865968,34,M
2548,Elizabeth,Ruth,5319060711,35,M
2549,Federico,Ruth,5638566470,76,M
2550,Isabella,Ruth,9564471912,25,M
2551,Jacob,Ruth,5056833413,18,F
2552,James,Ruth,5886359868,38,F
2553,Jennifer,Ruth,7094461561,76,M
2554,Jeremy,Ruth,1533505587,79,M
2555,John,Ruth,7729054586,45,F
2556,Kiera,Osborne,9013652382,71,M
2557,Linda,Osborne,6143529361,75,M
2558,Marlon,Osborne,8989094714,69,M
2559,Mary,Osborne,3910539661,66,F
2560,Michael,Osborne,4444354215,29,F
2561,Oliver,Osborne,6479212484,40,F
2562,Patricia,Osborne,4081031277,43,M
2563,Pearl,Osborne,6042874421,71,M
2564,Rami,Osborne,8299025344,49,F
2565,Robert,Osborne,7498722569,71,F
2566,Vanessa,Osborne,1416590587,52,M
2567,Walden,Osborne,5414669614,40,M
2568,William,Osborne,5988463289,41,F
2569,Andrea,Osborne,5365401547,25,M
2570,Andrea,Osborne,3273347653,64,M
2571,Angel,Osborne,1325183270,73,M
2572,Brooks,Osborne,2516315506,61,M
2573,Chris,Osborne,9622111649,18,F
2574,Connor,Osborne,2262194893,42,F
2575,Daniella,Osborne,5566067515,22,F
2576,Deborah,Osborne,8729214816,47,M
2577,Eliot,Osborne,3781891564,23,F
2578,Elizabeth,Osborne,1522466049,18,F
2579,Federico,Osborne,2946963796,39,F
2580,Isabella,Osborne,7949933353,79,F
2581,Jacob,Osborne,9012338721,43,M
2582,James,Osborne,2345797723,68,F
2583,Jennifer,Osborne,1315228919,28,M
2584,Jeremy,Osborne,4886998024,30,F
2585,John,Osborne,2946450011,39,M
2586,Kiera,Osborne,6143140725,49,M
2587,Linda,Mallory,7745714977,36,F
2588,Marlon,Mallory,8488443221,55,F
2589,Mary,Mallory,3961967935,37,F
2590,Michael,Mallory,6563859930,72,F
2591,Oliver,Mallory,8271392967,75,F
2592,Patricia,Mallory,2708508292,79,M
2593,Pearl,Mallory,2121639804,31,M
2594,Rami,Mallory,6520589407,76,M
2595,Robert,Mallory,4276489434,25,F
2596,Vanessa,Mallory,1894036273,22,F
2597,Walden,Mallory,5532197014,78,F
2598,William,Mallory,3707726376,71,M
2599,Andrea,Mallory,3564271518,24,F
2600,Andrea,Mallory,8282060508,21,M
2601,Angel,Mallory,2237907436,68,M
2602,Brooks,Mallory,8463834885,67,F
2603,Chris,Mallory,3471452271,68,F
2604,Connor,Mallory,5127101952,42,M
2605,Daniella,Mallory,1491348005,51,M
2606,Deborah,Mallory,2259038242,29,M
2607,Eliot,Mallory,1550762701,78,M
2608,Elizabeth,Mallory,8837789507,67,M
2609,Federico,Mallory,5772882627,73,F
2610,Isabella,Mallory,2830362061,49,M
2611,Jacob,Mallory,8260292820,37,F
2612,James,Mallory,7885659809,38,F
2613,Jennifer,Mallory,9954230537,37,M
2614,Jeremy,Mallory,1800826302,53,F
2615,John,Mallory,3761700667,33,M
2616,Kiera,Mallory,9973671120,50,F
2617,Linda,Mallory,4035424692,25,F
2618,Marlon,Mikesell,9513633616,28,F
2619,Mary,Mikesell,3860045550,75,F
2620,Michael,Mikesell,2289397401,29,M
2621,Oliver,Mikesell,1807152425,58,F
2622,Patricia,Mikesell,6841249603,37,M
2623,Pearl,Mikesell,8374428241,66,F
2624,Rami,Mikesell,4235716490,55,F
2625,Robert,Mikesell,2850003048,39,F
2626,Vanessa,Mikesell,4848923155,37,F
2627,Walden,Mikesell,2814843477,59,M
2628,William,Mikesell,6156068373,22,F
2629,Andrea,Mikesell,8651498647,58,M
2630,Andrea,Mikesell,9843390675,43,F
2631,Angel,Mikesell,6844414979,75,F
2632,Brooks,Mikesell,3553124949,49,M
2633,Chris,Mikesell,9984057318,27,F
2634,Connor,Mikesell,5888278101,71,M
2635,Daniella,Mikesell,4520383718,69,M
2636,Deborah,Mikesell,3069689004,21,F
2637,Eliot,Mikesell,7371185730,18,M
2638,Elizabeth,Mikesell,5078829283,22,F
2639,Federico,Mikesell,4047311669,63,M
2640,Isabella,Mikesell,1685410316,20,F
2641,Jacob,Mikesell,6650774258,41,M
2642,James,Mikesell,7713178133,22,F
2643,Jennifer,Mikesell,4252788207,51,M
2644,Jeremy,Mikesell,3694960601,72,M
2645,John,Mikesell,6606433710,49,M
2646,Kiera,Mikesell,5359436333,56,F
2647,Linda,Mikesell,5649036453,40,M
2648,Marlon,Mikesell,1131668634,29,M
2649,Mary,Fortes,1125893681,50,F
2650,Michael,Fortes,6091763555,43,F
2651,Oliver,Fortes,5067335473,35,F
2652,Patricia,Fortes,8875056878,42,M
2653,Pearl,Fortes,4591655182,54,M
2654,Rami,Fortes,5325376703,37,F
2655,Robert,Fortes,1250733274,38,F
2656,Vanessa,Fortes,5726634246,48,F
2657,Walden,Fortes,9965467642,64,M
2658,William,Fortes,9701462107,53,F
2659,Andrea,Fortes,5413153095,72,M
2660,Andrea,Fortes,7000767213,42,M
2661,Angel,Fortes,5976755712,35,M
2662,Brooks,Fortes,7113981130,68,F
2663,Chris,Fortes,9617324806,70,F
2664,Connor,Fortes,2824152443,66,M
2665,Daniella,Fortes,5732700767,40,F
2666,Deborah,Fortes,2022095735,52,F
2667,Eliot,Fortes,5876800846,45,M
2668,Elizabeth,Fortes,3087537565,79,M
2669,Federico,Fortes,6993358117,56,F
2670,Isabella,Fortes,1211718414,44,F
2671,Jacob,Fortes,4621552659,48,M
2672,James,Fortes,1129680381,34,M
2673,Jennifer,Fortes,3380506111,71,F
2674,Jeremy,Fortes,9229390629,72,M
2675,John,Fortes,4851328383,58,F
2676,Kiera,Fortes,6232641653,79,F
2677,Linda,Fortes,6267289409,79,M
2678,Marlon,Fortes,8647660963,65,M
2679,Mary,Fortes,2230008148,58,M
2680,Michael,Hebbar,6066044253,59,F
2681,Oliver,Hebbar,3615222757,64,M
2682,Patricia,Hebbar,2094809433,47,M
2683,Pearl,Hebbar,4127692665,65,M
2684,Rami,Hebbar,7024604399,53,M
2685,Robert,Hebbar,7560593786,33,M
2686,Vanessa,Hebbar,8637646799,21,F
2687,Walden,Hebbar,7579076796,52,M
2688,William,Hebbar,6555926657,35,M
2689,Andrea,Hebbar,7267304227,26,M
2690,Andrea,Hebbar,9402248307,23,M
2691,Angel,Hebbar,1800417232,59,M
2692,Brooks,Hebbar,8648230405,25,F
2693,Chris,Hebbar,1442099478,20,F
2694,Connor,Hebbar,5696049044,30,M
2695,Daniella,Hebbar,9108412279,45,F
2696,Deborah,Hebbar,6536428336,29,M
2697,Eliot,Hebbar,5499899623,45,M
2698,Elizabeth,Hebbar,2510275819,25,M
2699,Federico,Hebbar,5564896571,54,F
2700,Isabella,Hebbar,3468489601,30,M
2701,Jacob,Hebbar,7355152534,29,M
2702,James,Hebbar,7633232005,35,F
2703,Jennifer,Hebbar,6670036651,30,M
2704,Jeremy,Hebbar,2666282659,55,M
2705,John,Hebbar,6796313855,70,F
2706,Kiera,Hebbar,1673705226,71,M
2707,Linda,Hebbar,7521952984,30,M
2708,Marlon,Hebbar,9050732155,36,F
2709,Mary,Hebbar,8877816282,78,M
2710,Michael,Hebbar,9625958248,75,F
2711,Oliver,Mendes,5676136223,27,F
2712,Patricia,Mendes,5343132813,36,M
2713,Pearl,Mendes,9896667152,56,M
2714,Rami,Mendes,5215934949,79,F
2715,Robert,Mendes,7487996741,27,M
2716,Vanessa,Mendes,2067454103,41,M
2717,Walden,Mendes,3840335425,25,F
2718,William,Mendes,6288736519,30,M
2719,Andrea,Mendes,5078724077,55,F
2720,Andrea,Mendes,3376352108,55,F
2721,Angel,Mendes,3037723604,61,F
2722,Brooks,Mendes,3995723453,44,M
2723,Chris,Mendes,3737278027,52,M
2724,Connor,Mendes,7474757570,64,M
2725,Daniella,Mendes,6044702982,50,F
2726,Deborah,Mendes,7051328824,28,M
2727,Eliot,Mendes,9467013688,65,F
2728,Elizabeth,Mendes,8776575198,51,F
2729,Federico,Mendes,2213090421,43,M
2730,Isabella,Mendes,8401159013,48,M
2731,Jacob,Mendes,6616266663,55,M
2732,James,Mendes,5538358298,49,M
2733,Jennifer,Mendes,7243057969,60,M
2734,Jeremy,Mendes,2039416520,26,M
2735,John,Mendes,1529895189,34,M
2736,Kiera,Mendes,4702851438,24,M
2737,Linda,Mendes,8000621843,18,M
2738,Marlon,Mendes,6798743999,26,F
2739,Mary,Mendes,8614364030,63,F
2740,Michael,Mendes,8125077327,23,M
2741,Oliver,Mendes,4292657147,42,F
2742,Patricia,Zoghbi,8748338486,24,F
2743,Pearl,Zoghbi,4322391817,30,F
2744,Rami,Zoghbi,5316423091,66,M
2745,Robert,Zoghbi,5723979234,47,F
2746,Vanessa,Zoghbi,3441323895,56,F
2747,Walden,Zoghbi,1649406301,18,F
2748,William,Zoghbi,9250863899,41,M
2749,Andrea,Zoghbi,8978994499,20,M
2750,Andrea,Zoghbi,7902049081,48,F
2751,Angel,Zoghbi,9285284229,45,M
2752,Brooks,Zoghbi,8455198553,44,M
2753,Chris,Zoghbi,1507211024,54,M
2754,Connor,Zoghbi,2862654443,18,F
2755,Daniella,Zoghbi,4675941598,51,F
2756,Deborah,Zoghbi,8457483509,40,M
2757,Eliot,Zoghbi,5781840396,60,F
2758,Elizabeth,Zoghbi,1545323264,19,F
2759,Federico,Zoghbi,5788982036,72,F
2760,Isabella,Zoghbi,7516966905,66,M
2761,Jacob,Zoghbi,9610005463,19,M
2762,James,Zoghbi,8043418677,69,F
2763,Jennifer,Zoghbi,9063411036,75,M
2764,Jeremy,Zoghbi,4925099402,55,F
2765,John,Zoghbi,1445172885,34,M
2766,Kiera,Zoghbi,7604876857,30,F
2767,Linda,Zoghbi,1248303404,34,F
2768,Marlon,Zoghbi,8350020686,78,M
2769,Mary,Zoghbi,4254747952,75,F
2770,Michael,Zoghbi,4728034169,58,F
2771,Oliver,Zoghbi,4906365122,26,F
2772,Patricia,Zoghbi,6921941550,33,M
2773,Pearl,Powell,8059881734,69,M
2774,Rami,Powell,4588605313,33,F
2775,Robert,Powell,5299027538,64,F
2776,Vanessa,Powell,4757704284,72,M
2777,Walden,Powell,4699665093,27,M
2778,William,Powell,3621272003,63,M
2779,Andrea,Powell,7069150651,62,M
2780,Andrea,Powell,9119295203,57,F
2781,Angel,Powell,4151152537,27,M
2782,Brooks,Powell,3540509960,22,F
2783,Chris,Powell,7801015942,24,F
2784,Connor,Powell,5844896752,38,M
2785,Daniella,Powell,7541696417,56,F
2786,Deborah,Powell,3782877642,26,M
2787,Eliot,Powell,5898122704,73,M
2788,Elizabeth,Powell,8655093983,55,F
2789,Federico,Powell,8295706880,36,F
2790,Isabella,Powell,5571688325,40,F
2791,Jacob,Powell,7478766479,72,F
2792,James,Powell,3624339900,57,F
2793,Jennifer,Powell,4175761709,54,M
2794,Jeremy,Powell,2607963958,54,M
2795,John,Powell,4351443318,68,M
2796,Kiera,Powell,9595999300,73,M
2797,Linda,Powell,6608016853,42,F
2798,Marlon,Powell,1835095182,48,M
2799,Mary,Powell,6712276019,49,F
2800,Michael,Powell,4126250635,60,M
2801,Oliver,Powell,2730057241,53,M
2802,Patricia,Powell,1486522691,35,F
2803,Pearl,Powell,7327411387,42,F
2804,Rami,Rodrigues,4547704764,54,M
2805,Robert,Rodrigues,8919481376,69,F
2806,Vanessa,Rodrigues,5799475082,20,F
2807,Walden,Rodrigues,1813432110,41,F
2808,William,Rodrigues,5811405373,72,F
2809,Andrea,Rodrigues,5054958452,78,F
2810,Andrea,Rodrigues,4034705336,47,M
2811,Angel,Rodrigues,9567601222,23,F
2812,Brooks,Rodrigues,2510878393,45,M
2813,Chris,Rodrigues,6767528703,64,M
2814,Connor,Rodrigues,5552564344,60,M
2815,Daniella,Rodrigues,9366232242,43,F
2816,Deborah,Rodrigues,7343404129,40,M
2817,Eliot,Rodrigues,7726996673,21,F
2818,Elizabeth,Rodrigues,1777344332,44,F
2819,Federico,Rodrigues,4209698484,73,F
2820,Isabella,Rodrigues,6652137495,71,M
2821,Jacob,Rodrigues,8844318090,75,F
2822,James,Rodrigues,5567592519,70,M
2823,Jennifer,Rodrigues,1345957196,69,F
2824,Jeremy,Rodrigues,5852330254,70,F
2825,John,Rodrigues,9484155695,69,F
2826,Kiera,Rodrigues,9891308858,36,F
2827,Linda,Rodrigues,4372577984,62,F
2828,Marlon,Rodrigues,4526666087,46,M
2829,Mary,Rodrigues,1230670312,35,F
2830,Michael,Rodrigues,7187003438,62,M
2831,Oliver,Rodrigues,5552848070,58,M
2832,Patricia,Rodrigues,2366226190,53,F
2833,Pearl,Rodrigues,5043514564,64,F
2834,Rami,Rodrigues,1277445527,78,F
2835,Robert,Cutinho,7173602518,43,M
2836,Vanessa,Cutinho,7980166142,79,F
2837,Walden,Cutinho,4020272261,55,M
2838,William,Cutinho,3931087572,19,F
2839,Andrea,Cutinho,6548974243,45,M
2840,Andrea,Cutinho,3892890236,60,F
2841,Angel,Cutinho,7363496279,61,F
2842,Brooks,Cutinho,2522143813,38,M
2843,Chris,Cutinho,2967326038,70,F
2844,Connor,Cutinho,2311886583,54,F
2845,Daniella,Cutinho,9899681172,36,F
2846,Deborah,Cutinho,8831637031,27,M
2847,Eliot,Cutinho,8993754020,48,M
2848,Elizabeth,Cutinho,2761374792,75,F
2849,Federico,Cutinho,6553621564,50,F
2850,Isabella,Cutinho,4492375476,21,F
2851,Jacob,Cutinho,4265373066,29,M
2852,James,Cutinho,6055286883,21,F
2853,Jennifer,Cutinho,7018436264,54,F
2854,Jeremy,Cutinho,5357944077,46,F
2855,John,Cutinho,5821127126,59,M
2856,Kiera,Cutinho,7728437332,55,M
2857,Linda,Cutinho,7836884986,30,M
2858,Marlon,Cutinho,4389599694,45,F
2859,Mary,Cutinho,1403311564,64,F
2860,Michael,Cutinho,7772638772,68,M
2861,Oliver,Cutinho,2421496606,78,F
2862,Patricia,Cutinho,4427819806,61,M
2863,Pearl,Cutinho,2337301052,79,M
2864,Rami,Cutinho,9794034450,63,F
2865,Robert,Cutinho,8387174669,56,M
2866,Vanessa,Ferrao,2294476805,66,M
2867,Walden,Ferrao,3959324384,37,M
2868,William,Ferrao,3913887751,20,M
2869,Andrea,Ferrao,5285606535,47,F
2870,Andrea,Ferrao,7353630386,18,F
2871,Angel,Ferrao,2822957244,67,F
2872,Brooks,Ferrao,8542445474,47,M
2873,Chris,Ferrao,8159953704,79,M
2874,Connor,Ferrao,9150760822,42,M
2875,Daniella,Ferrao,6057648225,51,F
2876,Deborah,Ferrao,3307325785,32,F
2877,Eliot,Ferrao,7809374701,24,F
2878,Elizabeth,Ferrao,4337798229,61,F
2879,Federico,Ferrao,4243987164,72,F
2880,Isabella,Ferrao,2886879399,40,F
2881,Jacob,Ferrao,1272692508,25,F
2882,James,Ferrao,6325638299,67,F
2883,Jennifer,Ferrao,3600667807,54,F
2884,Jeremy,Ferrao,8939474907,76,M
2885,John,Ferrao,5093012882,32,F
2886,Kiera,Ferrao,2079166372,44,F
2887,Linda,Ferrao,9775277498,65,M
2888,Marlon,Ferrao,9889863905,23,F
2889,Mary,Ferrao,6721427393,67,F
2890,Michael,Ferrao,1470742753,74,F
2891,Oliver,Ferrao,8653666221,56,F
2892,Patricia,Ferrao,5465754389,19,M
2893,Pearl,Ferrao,3751085276,32,M
2894,Rami,Ferrao,1285819553,78,F
2895,Robert,Ferrao,7004870355,48,F
2896,Vanessa,Ferrao,4875544916,26,M
2897,Walden,Wollinka,6266253248,44,M
2898,William,Wollinka,3869565914,22,M
2899,Andrea,Wollinka,6852622407,36,F
2900,Andrea,Wollinka,2849586428,72,M
2901,Angel,Wollinka,2630861886,21,F
2902,Brooks,Wollinka,7268563508,39,M
2903,Chris,Wollinka,3340646510,71,M
2904,Connor,Wollinka,2042323110,57,F
2905,Daniella,Wollinka,1877824476,27,M
2906,Deborah,Wollinka,5605591897,36,M
2907,Eliot,Wollinka,9904800273,27,F
2908,Elizabeth,Wollinka,4879709244,50,M
2909,Federico,Wollinka,5109762904,41,F
2910,Isabella,Wollinka,1983246648,45,M
2911,Jacob,Wollinka,3860045106,42,F
2912,James,Wollinka,5007025127,71,F
2913,Jennifer,Wollinka,6874839956,34,F
2914,Jeremy,Wollinka,4162889114,21,M
2915,John,Wollinka,1905812876,75,F
2916,Kiera,Wollinka,3115467159,65,F
2917,Linda,Wollinka,2791780635,50,F
2918,Marlon,Wollinka,4611928849,37,F
2919,Mary,Wollinka,4572354275,74,F
2920,Michael,Wollinka,6874867903,26,M
2921,Oliver,Wollinka,7036349777,37,M
2922,Patricia,Wollinka,2733316572,61,F
2923,Pearl,Wollinka,3471517523,69,F
2924,Rami,Wollinka,3086025135,47,M
2925,Robert,Wollinka,4039425091,44,M
2926,Vanessa,Wollinka,7645346028,42,F
2927,Walden,Wollinka,1622028115,72,F
2928,William,Ramos,9733465557,76,M
2929,Andrea,Ramos,3393858971,47,F
2930,Andrea,Ramos,6711842396,58,F
2931,Angel,Ramos,8531539928,62,M
2932,Brooks,Ramos,1634590415,50,F
2933,Chris,Ramos,5498235474,29,F
2934,Connor,Ramos,5144712573,26,M
2935,Daniella,Ramos,5711004687,68,F
2936,Deborah,Ramos,5961208998,26,F
2937,Eliot,Ramos,2581988178,23,F
2938,Elizabeth,Ramos,6607747517,48,F
2939,Federico,Ramos,7531482995,21,M
2940,Isabella,Ramos,5743306421,18,F
2941,Jacob,Ramos,1688960582,40,M
2942,James,Ramos,2154736386,33,F
2943,Jennifer,Ramos,6114490542,68,F
2944,Jeremy,Ramos,7169596299,49,F
2945,John,Ramos,4411147244,47,M
2946,Kiera,Ramos,9243886697,45,M
2947,Linda,Ramos,1641518159,71,F
2948,Marlon,Ramos,4236804881,30,M
2949,Mary,Ramos,7270390518,64,F
2950,Michael,Ramos,3833617275,51,M
2951,Oliver,Ramos,9599015255,62,F
2952,Patricia,Ramos,1272578169,40,F
2953,Pearl,Ramos,2626425984,50,M
2954,Rami,Ramos,9061479077,18,F
2955,Robert,Ramos,1228999187,39,F
2956,Vanessa,Ramos,1747809186,33,M
2957,Walden,Ramos,4514708479,20,F
2958,William,Ramos,3995268688,79,M
2959,Andrea,Franco,3525145794,65,M
2960,Andrea,Franco,2373582196,67,M
2961,Angel,Franco,5522020145,75,F
2962,Brooks,Franco,8202934426,71,M
2963,Chris,Franco,2889678728,25,F
2964,Connor,Franco,1388595560,71,M
2965,Daniella,Franco,3656908472,67,F
2966,Deborah,Franco,4051209549,38,F
2967,Eliot,Franco,5117775838,39,F
2968,Elizabeth,Franco,7200900431,21,F
2969,Federico,Franco,1943626573,57,F
2970,Isabella,Franco,7855337125,59,F
2971,Jacob,Franco,7925259688,54,M
2972,James,Franco,8613449844,28,F
2973,Jennifer,Franco,7723858910,54,M
2974,Jeremy,Franco,7134858720,66,F
2975,John,Franco,7815881001,30,F
2976,Kiera,Franco,6003852403,50,F
2977,Linda,Franco,1568169061,76,F
2978,Marlon,Franco,7843774278,64,F
2979,Mary,Franco,5439616370,39,M
2980,Michael,Franco,2725924193,19,F
2981,Oliver,Franco,9068565371,77,M
2982,Patricia,Franco,8601517206,73,M
2983,Pearl,Franco,3471963363,72,F
2984,Rami,Franco,8136768590,33,M
2985,Robert,Franco,9988590354,61,M
2986,Vanessa,Franco,5566141156,22,M
2987,Walden,Franco,8863322775,55,F
2988,William,Franco,3277693232,43,F
2989,Andrea,Franco,1526899536,61,F
2990,Andrea,Yassine,5018747271,27,M
2991,Angel,Yassine,6570126744,33,F
2992,Brooks,Yassine,2176846540,54,F
2993,Chris,Yassine,7596701703,54,M
2994,Connor,Yassine,6695444182,29,M
2995,Daniella,Yassine,5157385435,70,M
2996,Deborah,Yassine,4491095854,44,M
2997,Eliot,Yassine,7556276339,60,M
2998,Elizabeth,Yassine,6664143307,65,F
2999,Federico,Yassine,7469293911,67,M
